sample_id,lang,report_stem,gold_pages,pred_top1,hit_at_1,hit_at_5,hit_at_10,near_at_1,reciprocal_rank
248802454c38b4bfbf84,chinese,alchip,32,31,0.0,1.0,1.0,1.0,0.5
9df1172da2c4f1e468ad,chinese,alchip,31,31,1.0,1.0,1.0,1.0,1.0
9f2360a68977289ab8c4,chinese,alchip,32,31,0.0,1.0,1.0,1.0,0.5
a45840eb9674d07b1a25,chinese,alchip,32,16,0.0,1.0,1.0,0.0,0.2
dd5972387b0ecc6e037e,chinese,alchip,31,31,1.0,1.0,1.0,1.0,1.0
06f05bf13faa832d045d,chinese,esun,77,132,0.0,0.0,0.0,0.0,0.0
076fa0e067c29f4f0b0c,chinese,esun,14,198,0.0,1.0,1.0,0.0,0.5
2daad2ab367055c23cba,chinese,esun,14,14,1.0,1.0,1.0,1.0,1.0
30dc9da4907e833d89a0,chinese,esun,14,14,1.0,1.0,1.0,1.0,1.0
3f160c246ec49f7097e3,chinese,esun,75,71,0.0,1.0,1.0,0.0,0.25
452c7b564ceff476f65b,chinese,esun,14,198,0.0,1.0,1.0,0.0,0.5
4e1a13414b336d525da8,chinese,esun,75,194,0.0,1.0,1.0,0.0,0.25
4f8bdbf96a1d8231c22d,chinese,esun,14,14,1.0,1.0,1.0,1.0,1.0
5e3fb5b305b96f0140b8,chinese,esun,97,195,0.0,0.0,0.0,0.0,0.038461538461538464
791aeca0d93957e6e5ef,chinese,esun,97,105,0.0,0.0,0.0,0.0,0.0
80776b5d0ac910030499,chinese,esun,14,198,0.0,1.0,1.0,0.0,0.5
a8c999a993563a9e6022,chinese,esun,14,80,0.0,1.0,1.0,0.0,0.25
b210cf230d476bc53a6c,chinese,esun,58,194,0.0,1.0,1.0,0.0,0.5
bba2d70d4f0dc09f69f3,chinese,esun,14,198,0.0,0.0,0.0,0.0,0.047619047619047616
beae732cfc3b01ff38f6,chinese,esun,14,14,1.0,1.0,1.0,1.0,1.0
caf169832bf6d03ccd32,chinese,esun,77,139,0.0,0.0,0.0,0.0,0.0
db022f6b9cef8fdc832a,chinese,esun,14,14,1.0,1.0,1.0,1.0,1.0
841d178137ad30b5ec5b,chinese,fpcc,57,123,0.0,0.0,0.0,0.0,0.0625
897b5595ce02401ff438,chinese,fpcc,38|39|40|42,125,0.0,0.0,0.0,0.0,0.0
914c3d4375402a23082a,chinese,fpcc,56,123,0.0,0.0,1.0,0.0,0.1
d2640a7357ceeb8e1429,chinese,fpcc,67,124,0.0,0.0,0.0,0.0,0.0
d5de42da7576d460f285,chinese,fpcc,79|81,125,0.0,0.0,0.0,0.0,0.05263157894736842
fcca5dfb8842d339ef29,chinese,fpcc,56|57|58,123,0.0,0.0,0.0,0.0,0.043478260869565216
412c5d2deb01e84befa2,chinese,gtg,29|30|32,52,0.0,0.0,0.0,0.0,0.05555555555555555
4702c5404d863e1c9e81,chinese,inx,70,70,1.0,1.0,1.0,1.0,1.0
683c9ddef4d92b35892f,chinese,inx,69,174,0.0,0.0,0.0,0.0,0.0
6dd8c057d87af2fb9492,chinese,inx,69,167,0.0,0.0,0.0,0.0,0.0
719cd29975ae456e1d68,chinese,inx,69,167,0.0,0.0,0.0,0.0,0.0
84039f11f928fe883eac,chinese,inx,69,174,0.0,0.0,0.0,0.0,0.0
c1fa043be97f6421fb87,chinese,inx,69,174,0.0,0.0,0.0,0.0,0.03333333333333333
da7820ce83cf834a6a80,chinese,inx,84,174,0.0,0.0,0.0,0.0,0.0
ded84d16a6c52b620891,chinese,inx,84,174,0.0,0.0,0.0,0.0,0.0
433fe03fd13edfdbc835,chinese,kye,22,92,0.0,0.0,0.0,0.0,0.0
86c4136268c386bb09dd,chinese,largan,75,104,0.0,0.0,0.0,0.0,0.07692307692307693
879f4ccca3b0168546ea,chinese,largan,75,104,0.0,0.0,0.0,0.0,0.07692307692307693
d1b6a6f27c23b9f59553,chinese,largan,75,104,0.0,0.0,0.0,0.0,0.07692307692307693
f756a038fe92c49c5dae,chinese,largan,40,104,0.0,0.0,0.0,0.0,0.0
1b25879862e5e4fc7141,chinese,mfhc,40,92,0.0,0.0,0.0,0.0,0.037037037037037035
2582bba597c91b02e937,chinese,mfhc,34,92,0.0,0.0,1.0,0.0,0.14285714285714285
30746a55421ccf91d297,chinese,mfhc,40,74,0.0,0.0,0.0,0.0,0.0
38c836092dc2e68f4343,chinese,mfhc,34,92,0.0,0.0,1.0,0.0,0.125
48a748982794bdd26320,chinese,mfhc,34,92,0.0,0.0,0.0,0.0,0.07692307692307693
6be02c68fb62c73ae06d,chinese,mfhc,30,92,0.0,0.0,0.0,0.0,0.043478260869565216
6dc521fe128522f48bb1,chinese,mfhc,34,92,0.0,0.0,0.0,0.0,0.041666666666666664
77ccc6ec4e06c4c042d0,chinese,mfhc,34,92,0.0,0.0,0.0,0.0,0.07692307692307693
98c28c8aba20cc5e1ea1,chinese,mfhc,34,92,0.0,1.0,1.0,0.0,0.2
9e0aa44b8c1f76943ad9,chinese,mfhc,34,92,0.0,1.0,1.0,0.0,0.3333333333333333
a1574825364597df8164,chinese,mfhc,34,92,0.0,0.0,1.0,0.0,0.1
a4f3b103d4773e8b5c89,chinese,mfhc,34,92,0.0,0.0,0.0,0.0,0.08333333333333333
b72fae7297b174804da7,chinese,mfhc,39|40,69,0.0,0.0,0.0,0.0,0.0
b8efde469e427e63d8ca,chinese,mfhc,40,56,0.0,0.0,0.0,0.0,0.05555555555555555
b962c92b6e01fffff12d,chinese,mfhc,34,92,0.0,0.0,0.0,0.0,0.05
d754499b0a9a5c833a63,chinese,mfhc,34,92,0.0,0.0,1.0,0.0,0.1111111111111111
dc80f940f841089616d6,chinese,mfhc,34,92,0.0,0.0,1.0,0.0,0.125
eccac6748edc6800f408,chinese,mfhc,34,92,0.0,0.0,1.0,0.0,0.14285714285714285
f39e92d7d085f27d9994,chinese,mfhc,34,92,0.0,1.0,1.0,0.0,0.2
429c9cab6bf9262dcb3d,chinese,npc,76,97,0.0,0.0,0.0,0.0,0.037037037037037035
45e18853cdbe16143a34,chinese,npc,55,55,1.0,1.0,1.0,1.0,1.0
51fc7dd50483d59855e9,chinese,npc,55,55,1.0,1.0,1.0,1.0,1.0
0e0e8cf374ce4af1620f,chinese,pegavision,49,57,0.0,0.0,0.0,0.0,0.04
4fbf0bb2a56505fe4d78,chinese,pegavision,49,57,0.0,0.0,0.0,0.0,0.041666666666666664
ee2c984c1cd669ebdff5,chinese,pegavision,49,57,0.0,0.0,1.0,0.0,0.14285714285714285
0874e8503c17740090d4,chinese,psi,44,79,0.0,1.0,1.0,0.0,0.3333333333333333
977fb80b768ae44c1eeb,chinese,psi,55,46,0.0,0.0,1.0,0.0,0.1111111111111111
a59b89d660b2bdfc3009,chinese,psi,52,78,0.0,1.0,1.0,0.0,0.5
c5837a23191559acce9e,chinese,psi,55,80,0.0,1.0,1.0,0.0,0.5
c80ec6b446a1b53dc268,chinese,psi,52,78,0.0,1.0,1.0,0.0,0.5
3c095cba3aaf07325dc1,chinese,spt,68,1,0.0,0.0,0.0,0.0,0.0
4955d4323e532e85d09b,chinese,spt,65,1,0.0,0.0,0.0,0.0,0.0
985bef32aef227d8689c,chinese,spt,68,1,0.0,0.0,0.0,0.0,0.0
0e8a3b6f1216f2139e9c,chinese,tcfh,57,175,0.0,0.0,0.0,0.0,0.0
2d2d45622e5aacae08c9,chinese,tcfh,86|88|91,175,0.0,0.0,1.0,0.0,0.1111111111111111
6e46bc48d7eb1a2796b7,chinese,tcfh,60|61,175,0.0,0.0,0.0,0.0,0.0
0c99967238f3168db8bb,chinese,tsmc,102,19,0.0,0.0,0.0,0.0,0.0
4f394ee4c59d4233ef9a,chinese,tsmc,97,19,0.0,1.0,1.0,0.0,0.5
5b863040d9e5a876a227,chinese,tsmc,96|97,19,0.0,0.0,1.0,0.0,0.1111111111111111
787e9c109587cff313d0,chinese,tsmc,163|164|165|175|176,19,0.0,0.0,0.0,0.0,0.0
bccd1d581d779616c860,chinese,tsmc,102,19,0.0,0.0,0.0,0.0,0.0
d524b5cfe619d36cdea4,chinese,tsmc,43,43,1.0,1.0,1.0,1.0,1.0
e97706277c47b3b95f97,chinese,tsmc,82,158,0.0,0.0,0.0,0.0,0.0
565fa568563991955cd9,english,06-21_gb-_lvmh_rse2022,128|129|130|132,128,1.0,1.0,1.0,1.0,1.0
67d0d362a56e9cfac501,english,06-21_gb-_lvmh_rse2022,130|132,128,0.0,1.0,1.0,0.0,0.5
ae9637b268357978cf24,english,06-21_gb-_lvmh_rse2022,86,106,0.0,0.0,0.0,0.0,0.0
c2b99af2a4ca3d2681e8,english,06-21_gb-_lvmh_rse2022,77|91|94|95|102|105|110|111,105,1.0,1.0,1.0,1.0,1.0
d83514208184317346b8,english,06-21_gb-_lvmh_rse2022,32|55|77|83|97|98|99|102|103|128,51,0.0,1.0,1.0,0.0,0.3333333333333333
f98f4adc1cf9df5df847,english,06-21_gb-_lvmh_rse2022,32|132,130,0.0,1.0,1.0,0.0,0.2
06a55b5f61d8a026b784,english,2022-baytex-esg-report-final,54,54,1.0,1.0,1.0,1.0,1.0
08299bc8465cfecfc415,english,2022-baytex-esg-report-final,53,53,1.0,1.0,1.0,1.0,1.0
1935926bc83b1885753e,english,2022-baytex-esg-report-final,54,54,1.0,1.0,1.0,1.0,1.0
42a2aed39f9da632fc46,english,2022-baytex-esg-report-final,55,55,1.0,1.0,1.0,1.0,1.0
55984499e9da70c24c35,english,2022-baytex-esg-report-final,53,53,1.0,1.0,1.0,1.0,1.0
5815a843c1f1055e244c,english,2022-baytex-esg-report-final,54,54,1.0,1.0,1.0,1.0,1.0
5daa96f92790a44b8c42,english,2022-baytex-esg-report-final,55,55,1.0,1.0,1.0,1.0,1.0
641f74f544a781bda875,english,2022-baytex-esg-report-final,53,53,1.0,1.0,1.0,1.0,1.0
66155ac5f3fa0e2aa6ac,english,2022-baytex-esg-report-final,34,54,0.0,1.0,1.0,0.0,0.3333333333333333
6e54c68a867d4c37126a,english,2022-baytex-esg-report-final,28|29,54,0.0,1.0,1.0,0.0,0.3333333333333333
708e34a709a77348e6c3,english,2022-baytex-esg-report-final,15|16,53,0.0,1.0,1.0,0.0,0.5
7b98fc18387def75cd4d,english,2022-baytex-esg-report-final,53,53,1.0,1.0,1.0,1.0,1.0
7fcb333e98ac6d79913e,english,2022-baytex-esg-report-final,54,54,1.0,1.0,1.0,1.0,1.0
8aa3c5977066e4aaa637,english,2022-baytex-esg-report-final,53,53,1.0,1.0,1.0,1.0,1.0
9408d181d578d46e69a3,english,2022-baytex-esg-report-final,54,54,1.0,1.0,1.0,1.0,1.0
99af310f89a28bb5c0d5,english,2022-baytex-esg-report-final,55,55,1.0,1.0,1.0,1.0,1.0
9da8adb15305794b9f2c,english,2022-baytex-esg-report-final,53,53,1.0,1.0,1.0,1.0,1.0
a53a71a6c6f0a60047e7,english,2022-baytex-esg-report-final,35,54,0.0,1.0,1.0,0.0,0.25
af12b35cef1eda790f58,english,2022-baytex-esg-report-final,54,54,1.0,1.0,1.0,1.0,1.0
d4c4c55f21ea2f820acb,english,2022-baytex-esg-report-final,53,53,1.0,1.0,1.0,1.0,1.0
de480f1bf76a59f99ad3,english,2022-baytex-esg-report-final,55,55,1.0,1.0,1.0,1.0,1.0
dfc0dbda54b19dd94397,english,2022-baytex-esg-report-final,54,54,1.0,1.0,1.0,1.0,1.0
fa8ff7e6d5e57e0c75a8,english,2022-baytex-esg-report-final,54,54,1.0,1.0,1.0,1.0,1.0
fb4422a8e5b6419c6340,english,2022-baytex-esg-report-final,10|11|13,52,0.0,0.0,1.0,0.0,0.16666666666666666
ff42abdb123a06424cfa,english,2022-baytex-esg-report-final,16,53,0.0,1.0,1.0,0.0,0.5
6750e6ca46fe402c57ac,english,burberry_2020-21_esg,34,30,0.0,1.0,1.0,0.0,0.3333333333333333
73b7e8ef0412a66b0b9e,english,burberry_2020-21_esg,19|20,30,0.0,1.0,1.0,0.0,0.3333333333333333
3888efcac10564ace059,english,cannickel-esg-report2023-print,45|53,54,0.0,0.0,1.0,1.0,0.16666666666666666
4b3a8f5d6fe185536f29,english,cannickel-esg-report2023-print,55,48,0.0,0.0,0.0,0.0,0.06666666666666667
56009d1b85f1f8efd1f7,english,cannickel-esg-report2023-print,31,31,1.0,1.0,1.0,1.0,1.0
62eabafb49790e225fd3,english,cannickel-esg-report2023-print,53,62,0.0,1.0,1.0,0.0,0.25
8f113da9daadefbd2aab,english,cannickel-esg-report2023-print,10,12,0.0,0.0,1.0,0.0,0.1111111111111111
914433a05a6b8e0010e7,english,cannickel-esg-report2023-print,53,48,0.0,0.0,1.0,0.0,0.14285714285714285
a22c5e2bd44c4b7ffad8,english,cannickel-esg-report2023-print,33,33,1.0,1.0,1.0,1.0,1.0
b26853fe74fc9c84d9ba,english,cannickel-esg-report2023-print,31|35|55,55,1.0,1.0,1.0,1.0,1.0
c03f6c43791dd364d316,english,cannickel-esg-report2023-print,53,53,1.0,1.0,1.0,1.0,1.0
314b191a643220b3977d,english,esg-2022,18,47,0.0,0.0,1.0,0.0,0.16666666666666666
8bfba94a2e1501f2bf21,english,esg-2022,14,14,1.0,1.0,1.0,1.0,1.0
f3d61f6fd61a57dd774f,english,esg-2022,7|21,16,0.0,0.0,1.0,0.0,0.1
00b0ae20462770abe10d,english,esg-report-2022,31|43,10,0.0,0.0,0.0,0.0,0.06666666666666667
10ea4f1fefb67afcb332,english,esg-report-2022,22,9,0.0,1.0,1.0,0.0,0.5
5511a5d396eaca8711bc,english,esg-report-2022,8|9|12|14,7,0.0,1.0,1.0,1.0,0.3333333333333333
9a1c4cf0f88981b19837,english,esg-report-2022,14,14,1.0,1.0,1.0,1.0,1.0
b7e7be4359f80e3142fa,english,esg-report-2022,45,45,1.0,1.0,1.0,1.0,1.0
1196d9d5bab9341213a7,english,esg-report-2022-final_ada,23|24,76,0.0,1.0,1.0,0.0,0.5
3544a681245aed578f70,english,esg-report-2022-final_ada,62|63,76,0.0,1.0,1.0,0.0,0.25
438d1c68e568217fcae1,english,esg-report-2022-final_ada,26,77,0.0,1.0,1.0,0.0,0.25
4e5170e74817b2782d0b,english,esg-report-2022-final_ada,40|43|47|57|59|60,76,0.0,1.0,1.0,0.0,0.25
2f9719c5601b17217748,english,esgreport2022,91,91,1.0,1.0,1.0,1.0,1.0
37b07ff2fdece799a4d1,english,esgreport2022,81|98,81,1.0,1.0,1.0,1.0,1.0
3907974d43ef6ce62a88,english,esgreport2022,98,83,0.0,0.0,0.0,0.0,0.03571428571428571
413b71374c30b6ef4867,english,esgreport2022,91,13,0.0,1.0,1.0,0.0,0.5
843ff865391acc8c8bdc,english,esgreport2022,30,38,0.0,0.0,0.0,0.0,0.0
c5e02adebab64081e529,english,esgreport2022,96|97|100,62,0.0,0.0,0.0,0.0,0.0
fb1bedef099a047090aa,english,esgreport2022,33|34|35,33,1.0,1.0,1.0,1.0,1.0
5f9c50c72cd02a0becd0,english,kering_sustainability_progress_report_2020_2023_7d06687606,2|21,19,0.0,0.0,1.0,0.0,0.125
678235adcf952c2f374a,english,kering_sustainability_progress_report_2020_2023_7d06687606,11,12,0.0,1.0,1.0,1.0,0.5
adcb0a6c013d76e38da5,english,kering_sustainability_progress_report_2020_2023_7d06687606,11,10,0.0,0.0,1.0,1.0,0.1
188b357ae7e18d78b458,french,20230630_rapportesg2022_coveafinance_vf,14,14,1.0,1.0,1.0,1.0,1.0
720e30af1baf916000fe,french,20230630_rapportesg2022_coveafinance_vf,9,6,0.0,0.0,0.0,0.0,0.08333333333333333
92d75e674bd81d0d4199,french,20230630_rapportesg2022_coveafinance_vf,15,15,1.0,1.0,1.0,1.0,1.0
be07ff891f0722999229,french,20230630_rapportesg2022_coveafinance_vf,5|12|14,2,0.0,1.0,1.0,0.0,0.3333333333333333
0218dac565894c97db4a,french,extrait-rse-filieres-dapprovisionnement,10,8,0.0,1.0,1.0,0.0,0.5
14320ad098d64d3567d4,french,extrait-rse-filieres-dapprovisionnement,5|6|9|10|11,5,1.0,1.0,1.0,1.0,1.0
73ba324fb61548350691,french,extrait-rse-filieres-dapprovisionnement,9,10,0.0,0.0,1.0,1.0,0.1111111111111111
289f26e7a170e67aa7c4,french,guerlain_rapport_developpement_durable_2022-2023,8|26,31,0.0,0.0,1.0,0.0,0.1111111111111111
9a3ae6b960e24c1fd22e,french,guerlain_rapport_developpement_durable_2022-2023,8|26,26,1.0,1.0,1.0,1.0,1.0
e6d61433e2be1d44edf6,french,guerlain_rapport_developpement_durable_2022-2023,8|26|28|29,26,1.0,1.0,1.0,1.0,1.0
28e011480fa2ce09e4fb,french,ine_esg-report_fr_final,56,56,1.0,1.0,1.0,1.0,1.0
5314659b1cddbdf8ea54,french,ine_esg-report_fr_final,56,56,1.0,1.0,1.0,1.0,1.0
db9662dd1958d67edc99,french,ine_esg-report_fr_final,36,55,0.0,0.0,1.0,0.0,0.1111111111111111
f6957129497e26a6ee89,french,ine_esg-report_fr_final,56|57,56,1.0,1.0,1.0,1.0,1.0
082f1dfe72a56fb39cb2,french,malakoff-humanis-rapport-esg-climat-article-29-loi-energie-climat-exercice-2022-mh-22365-2306-192,11|25|26|28|30,53,0.0,0.0,0.0,0.0,0.047619047619047616
4efd0cd3313d66cd94b1,french,malakoff-humanis-rapport-esg-climat-article-29-loi-energie-climat-exercice-2022-mh-22365-2306-192,11,39,0.0,1.0,1.0,0.0,0.25
5082ea4df67864615dcb,french,malakoff-humanis-rapport-esg-climat-article-29-loi-energie-climat-exercice-2022-mh-22365-2306-192,18|22|23|28|29|30|45|46|49,19,0.0,1.0,1.0,1.0,0.5
799db87b6a456d911561,french,malakoff-humanis-rapport-esg-climat-article-29-loi-energie-climat-exercice-2022-mh-22365-2306-192,25|26|30|35,43,0.0,1.0,1.0,0.0,0.25
8871f05885bd5c3e412c,french,malakoff-humanis-rapport-esg-climat-article-29-loi-energie-climat-exercice-2022-mh-22365-2306-192,17,11,0.0,0.0,0.0,0.0,0.0
89cc778ca72bd977f981,french,malakoff-humanis-rapport-esg-climat-article-29-loi-energie-climat-exercice-2022-mh-22365-2306-192,17,14,0.0,0.0,0.0,0.0,0.045454545454545456
3f1c21139296fc24a895,french,rapport-esg-gam,35,5,0.0,0.0,0.0,0.0,0.0
481e520ec816981eafb5,french,rapport-esg-gam,45|49|50,5,0.0,0.0,1.0,0.0,0.1111111111111111
7fd62634b701ecbe4c04,french,rapport-esg-gam,11|12|15|17|26|34|39,21,0.0,1.0,1.0,0.0,0.5
91bb9d854e115145b385,french,rapport-esg-gam,34,48,0.0,0.0,1.0,0.0,0.16666666666666666
a97ef586ed02c83c09c4,french,rapport-esg-gam,52|53,48,0.0,0.0,0.0,0.0,0.05
d18399b14debce6776f3,french,rapport-esg-gam,6,6,1.0,1.0,1.0,1.0,1.0
ec8cabab5d1406e2d905,french,rapport-esg-gam,35,64,0.0,0.0,0.0,0.0,0.0
675db32d822f1dcd4549,french,remy_cointreau_rapport_rse_2023,4,9,0.0,1.0,1.0,0.0,0.3333333333333333
8ad88b7daa6821f72964,french,remy_cointreau_rapport_rse_2023,4|10,9,0.0,1.0,1.0,1.0,0.5
8bd18af8f017bea93310,french,remy_cointreau_rapport_rse_2023,4,7,0.0,1.0,1.0,0.0,0.3333333333333333
c077e563de3c0e96d748,french,remy_cointreau_rapport_rse_2023,3|4|6,3,1.0,1.0,1.0,1.0,1.0
c608843d4705a0e33191,french,remy_cointreau_rapport_rse_2023,4,5,0.0,1.0,1.0,1.0,0.25
1cfe98614c45356db3ac,french,rse2022_web_0,9,10,0.0,0.0,0.0,1.0,0.08333333333333333
81ec97de3a04ae210d88,french,rse2022_web_0,6|26,25,0.0,0.0,1.0,1.0,0.16666666666666666
b623dd7da484db71c66f,french,rse2022_web_0,7,12,0.0,0.0,1.0,0.0,0.16666666666666666
147dea55174bc5990c35,french,totalenergies_sustainability-climate-2024-progress-report_2024_fr_pdf,37|101,37,1.0,1.0,1.0,1.0,1.0
181bf69b38a40f9273fc,french,totalenergies_sustainability-climate-2024-progress-report_2024_fr_pdf,5|15|16|19|24|31|37,13,0.0,0.0,1.0,0.0,0.16666666666666666
31f8073287cd88b7f821,french,totalenergies_sustainability-climate-2024-progress-report_2024_fr_pdf,14|25|39,38,0.0,1.0,1.0,1.0,0.25
36c23fa89a1817f74046,french,totalenergies_sustainability-climate-2024-progress-report_2024_fr_pdf,31|83,108,0.0,0.0,1.0,0.0,0.16666666666666666
39b4ad6c0368b5620930,french,totalenergies_sustainability-climate-2024-progress-report_2024_fr_pdf,105,105,1.0,1.0,1.0,1.0,1.0
4797fc1f4c83faa0eaf7,french,totalenergies_sustainability-climate-2024-progress-report_2024_fr_pdf,10,87,0.0,1.0,1.0,0.0,0.5
78c81324086b392d5682,french,totalenergies_sustainability-climate-2024-progress-report_2024_fr_pdf,18|90|91|93,86,0.0,0.0,1.0,0.0,0.14285714285714285
8a3a85d4cbbd93d41693,french,totalenergies_sustainability-climate-2024-progress-report_2024_fr_pdf,5|47|49,33,0.0,1.0,1.0,0.0,0.3333333333333333
a04ef703279a27f48578,french,totalenergies_sustainability-climate-2024-progress-report_2024_fr_pdf,86,59,0.0,1.0,1.0,0.0,0.3333333333333333
b57fca7d56f30ce62760,french,totalenergies_sustainability-climate-2024-progress-report_2024_fr_pdf,63,64,0.0,1.0,1.0,1.0,0.3333333333333333
c0da42afa17bc095be0b,french,totalenergies_sustainability-climate-2024-progress-report_2024_fr_pdf,5|12|26,38,0.0,0.0,0.0,0.0,0.0625
c66300176ce7f41be80b,french,totalenergies_sustainability-climate-2024-progress-report_2024_fr_pdf,24,108,0.0,1.0,1.0,0.0,0.2
d1a502fdfb577c43b4b1,french,totalenergies_sustainability-climate-2024-progress-report_2024_fr_pdf,101,108,0.0,0.0,0.0,0.0,0.0625
d8b1362628756416ee2e,french,totalenergies_sustainability-climate-2024-progress-report_2024_fr_pdf,101,29,0.0,0.0,1.0,0.0,0.1
ffdace5dc1f4c0578d4d,french,totalenergies_sustainability-climate-2024-progress-report_2024_fr_pdf,105,37,0.0,1.0,1.0,0.0,0.5
5bc8f0384fce9f0ded72,japanese,hokkaido_gas,8|9|21,12,0.0,0.0,0.0,0.0,0.0625
6877b82d1be7aa3bdc47,japanese,hokkaido_gas,10,12,0.0,0.0,0.0,0.0,0.04
075aed0c5b3221685365,japanese,honda_motor,95,88,0.0,0.0,1.0,0.0,0.16666666666666666
449c982a0be151ff7a59,japanese,honda_motor,165|171,28,0.0,0.0,0.0,0.0,0.0
651d10073b6782e82d80,japanese,honda_motor,25,28,0.0,1.0,1.0,0.0,0.2
935f5cd951a751b8356e,japanese,honda_motor,21,139,0.0,0.0,0.0,0.0,0.06666666666666667
96a1d2ea51b53594d579,japanese,honda_motor,47,47,1.0,1.0,1.0,1.0,1.0
ae42f3ab7f60244c7dea,japanese,honda_motor,24,28,0.0,0.0,0.0,0.0,0.0
ea602e278cf0ee4fcde0,japanese,honda_motor,165,28,0.0,0.0,0.0,0.0,0.0
1acf7f1f4499ff53f107,japanese,itochu_corp,165,44,0.0,0.0,0.0,0.0,0.0
3ffa9f564e0aa1e9e370,japanese,itochu_corp,136,157,0.0,0.0,0.0,0.0,0.0
45a323dcf34aed39b47d,japanese,itochu_corp,165,110,0.0,0.0,0.0,0.0,0.0
511131b4e42f1901c6c6,japanese,itochu_corp,94,92,0.0,0.0,0.0,0.0,0.0
5e8bc1aee9ac7b827b1c,japanese,itochu_corp,193,161,0.0,1.0,1.0,0.0,0.3333333333333333
6f8f879ee15e2d74b23e,japanese,itochu_corp,166,110,0.0,0.0,0.0,0.0,0.0
75d4d3d6815770d4812f,japanese,itochu_corp,66,157,0.0,0.0,0.0,0.0,0.0
794ef56ef90bead63744,japanese,itochu_corp,94,92,0.0,0.0,0.0,0.0,0.0
8b964e33c398e6c1a967,japanese,itochu_corp,95,157,0.0,0.0,1.0,0.0,0.1
96e53e2589f0975ca922,japanese,itochu_corp,166,157,0.0,0.0,0.0,0.0,0.0
9d6b619c811501e029e2,japanese,itochu_corp,165,110,0.0,0.0,0.0,0.0,0.0
bfebbe4efad45b3b80cd,japanese,itochu_corp,59|62,161,0.0,0.0,0.0,0.0,0.0
f0984c2a7d177bc8023e,japanese,itochu_corp,94,92,0.0,0.0,0.0,0.0,0.0
238432a1e3179eb2e293,japanese,marubeni_corp,115,162,0.0,0.0,0.0,0.0,0.045454545454545456
4744e3feae784e99504b,japanese,marubeni_corp,59,50,0.0,0.0,0.0,0.0,0.0
69ff87f09d794619c916,japanese,marubeni_corp,115,162,0.0,0.0,0.0,0.0,0.045454545454545456
6cf7c824d515a7f3afd0,japanese,marubeni_corp,59,50,0.0,0.0,0.0,0.0,0.0
8b7a7d1107e53e01a6d1,japanese,marubeni_corp,116,162,0.0,0.0,0.0,0.0,0.0
b97e011e861c3d492c3a,japanese,marubeni_corp,115,162,0.0,0.0,0.0,0.0,0.038461538461538464
c78448c78a7451e845c5,japanese,marubeni_corp,92,13,0.0,0.0,0.0,0.0,0.0
f30e66f5042c74a0b385,japanese,marubeni_corp,116,162,0.0,0.0,0.0,0.0,0.0
251a0f6455eb8255d7f1,japanese,mazda_motor,113,109,0.0,0.0,0.0,0.0,0.0
38c845278993783b577d,japanese,mazda_motor,121,73,0.0,0.0,0.0,0.0,0.0
6fc498c60f4b49de6de1,japanese,mazda_motor,35,109,0.0,0.0,1.0,0.0,0.16666666666666666
a280ab2897b7f1cac5af,japanese,mazda_motor,29,29,1.0,1.0,1.0,1.0,1.0
c5da51b0b1c9c09fc33f,japanese,mazda_motor,73,73,1.0,1.0,1.0,1.0,1.0
dd0f33f99de203202590,japanese,mazda_motor,113,24,0.0,0.0,0.0,0.0,0.0
e95c844a1a1decfb0329,japanese,mazda_motor,29,109,0.0,0.0,0.0,0.0,0.09090909090909091
2a9a9f5d727ed82ff283,japanese,nissan_motor,161,58,0.0,1.0,1.0,0.0,0.5
70012a85efb538971583,japanese,nissan_motor,143|146,11,0.0,0.0,0.0,0.0,0.0
81016803f284597f5a83,japanese,nissan_motor,143|146,58,0.0,0.0,0.0,0.0,0.0
9e2096cf2e81af63df0e,japanese,nissan_motor,57,51,0.0,0.0,0.0,0.0,0.05263157894736842
eb7d348fb7d02e9d3497,japanese,nissan_motor,161,109,0.0,0.0,0.0,0.0,0.0
f68ad9ea4e7507f99935,japanese,nissan_motor,27|31|37|38|44,58,0.0,0.0,1.0,0.0,0.1111111111111111
171fa25d5f8759005b21,japanese,sumitomo_corp,59,104,0.0,0.0,0.0,0.0,0.0
1b2e40c729ef23fc3c27,japanese,sumitomo_corp,59,104,0.0,0.0,0.0,0.0,0.0
43ec66bd5c6d9966ef2a,japanese,sumitomo_corp,195,261,0.0,0.0,0.0,0.0,0.0
801b263b905ee6961904,japanese,sumitomo_corp,208,214,0.0,0.0,0.0,0.0,0.04
83c35062a26a74b59f8b,japanese,sumitomo_corp,66,214,0.0,0.0,0.0,0.0,0.0
f576a7d79d18597b2274,japanese,sumitomo_corp,59,104,0.0,0.0,0.0,0.0,0.0
6fd7c332953b4bf83038,japanese,toho_gas_2,15|30,85,0.0,0.0,0.0,0.0,0.09090909090909091
b344d5ecb4df6663765b,japanese,toho_gas_2,32|41|77,85,0.0,0.0,0.0,0.0,0.0
fca3dfcd99fa5879ce82,japanese,toho_gas_2,30,1,0.0,0.0,0.0,0.0,0.0
015cdd411d6666a7331f,japanese,tokyo_gas,47,70,0.0,0.0,0.0,0.0,0.05555555555555555
270f776132feaa348ca2,japanese,tokyo_gas,23,70,0.0,1.0,1.0,0.0,0.25
ce66945f3e412a33ec1f,japanese,tokyo_gas,24,70,0.0,0.0,0.0,0.0,0.0
098ff73d3c56ba51dffa,korean,bh,76,10,0.0,0.0,1.0,0.0,0.125
0e84f1016ce043895e64,korean,bh,74|75|114,129,0.0,0.0,0.0,0.0,0.0
28e9b279730986e36dd3,korean,bh,75|114,129,0.0,0.0,0.0,0.0,0.041666666666666664
7de632da17eedf77b4a1,korean,bh,98,44,0.0,0.0,0.0,0.0,0.0
d97781a203ccb9b0f551,korean,bh,81|110,16,0.0,0.0,0.0,0.0,0.0
0b461e17c0cfa7e317c0,korean,hana_micron,24|54,55,0.0,1.0,1.0,1.0,0.25
737598ae7160bc32e836,korean,hana_micron,62,6,0.0,0.0,0.0,0.0,0.03333333333333333
873af103cf04b57625b0,korean,hana_micron,72,72,1.0,1.0,1.0,1.0,1.0
9231c3d7b3a8d6e80dd5,korean,hana_micron,57,25,0.0,1.0,1.0,0.0,0.25
a1a32a3f65ad9977d4a0,korean,hana_micron,35|37,68,0.0,0.0,0.0,0.0,0.0
cb552ce39a277b84362c,korean,hana_micron,22|72,75,0.0,1.0,1.0,0.0,0.5
fe12d677ff527e7648ef,korean,hana_micron,19|21|22,16,0.0,0.0,0.0,0.0,0.034482758620689655
159347d33ad37ebcdb78,korean,hyundai,73,123,0.0,1.0,1.0,0.0,0.5
2ca9bc86dbdedd91b02c,korean,hyundai,28|39,123,0.0,0.0,0.0,0.0,0.047619047619047616
2d523d8aad315e72c78e,korean,hyundai,41|70|92,123,0.0,0.0,0.0,0.0,0.03333333333333333
5504c0aaffc371247ca2,korean,hyundai,102,123,0.0,0.0,0.0,0.0,0.0
8bcbccda52b3bad14cbe,korean,hyundai,102,123,0.0,0.0,0.0,0.0,0.0
a641e5cdea24b846f049,korean,hyundai,72,44,0.0,1.0,1.0,0.0,0.25
b0bacd843227d32b7f9e,korean,hyundai,100,94,0.0,0.0,0.0,0.0,0.0
bad6ee33dc814e4e66f0,korean,hyundai,25|28,123,0.0,0.0,0.0,0.0,0.0
fa6a08c31abe73488c59,korean,hyundai,72,58,0.0,0.0,0.0,0.0,0.05263157894736842
ea3267d62fd142dab5e0,korean,kgm,12,9,0.0,1.0,1.0,0.0,0.25
0031b563e34c256efeb2,korean,kia,131,131,1.0,1.0,1.0,1.0,1.0
08380b2218703a040a7f,korean,kia,52|114|131,39,0.0,1.0,1.0,0.0,0.3333333333333333
0c4f3bd042d5a12a2f69,korean,kia,131,131,1.0,1.0,1.0,1.0,1.0
3d6e7b2526b3caedd23b,korean,kia,52|114|131,137,0.0,1.0,1.0,0.0,0.3333333333333333
6fed804375adc9838f4d,korean,kia,79|120|131,131,1.0,1.0,1.0,1.0,1.0
72bc40357b0da588838b,korean,kia,34|35|131,131,1.0,1.0,1.0,1.0,1.0
87093c7140fb936420ec,korean,kia,131,131,1.0,1.0,1.0,1.0,1.0
87af99c0c9802a0be643,korean,kia,119|131,32,0.0,1.0,1.0,0.0,0.5
94ac19ca233efb45fe32,korean,kia,131,131,1.0,1.0,1.0,1.0,1.0
c924b1277e1370a78d5a,korean,kia,5|131,131,1.0,1.0,1.0,1.0,1.0
c93cfb0c1f8a62b8ca8b,korean,kia,131,131,1.0,1.0,1.0,1.0,1.0
ed7e61a15c6b6b3678e8,korean,kia,131,131,1.0,1.0,1.0,1.0,1.0
1888bc75b83432e49a41,korean,nepes,37,37,1.0,1.0,1.0,1.0,1.0
303cf64d7e6935ccd776,korean,nepes,37,12,0.0,1.0,1.0,0.0,0.5
967361189398dbb0055a,korean,nepes,13|37,6,0.0,1.0,1.0,0.0,0.5
971da898ab83883b619b,korean,nepes,13|37,6,0.0,1.0,1.0,0.0,0.5
b9763451dd7e1b63f3de,korean,nepes,17,21,0.0,0.0,0.0,0.0,0.0
13713e218c21c7cacb86,korean,samsung_electro_mechanics,94|96,6,0.0,1.0,1.0,0.0,0.2
39fb09a1eefb8b689626,korean,samsung_electro_mechanics,116,6,0.0,0.0,0.0,0.0,0.038461538461538464
5d6bf019e0fe005c8e75,korean,samsung_electronics,42|43|44,42,1.0,1.0,1.0,1.0,1.0
6153f33c800a49ad7396,korean,samsung_electronics,48|49|50,49,1.0,1.0,1.0,1.0,1.0
6b39ae687ae4133a0bee,korean,samsung_electronics,37,31,0.0,0.0,0.0,0.0,0.05263157894736842
d886c65cb7f8b7230bab,korean,samsung_electronics,43|44|61,79,0.0,0.0,0.0,0.0,0.0
dda2c1b9845388342112,korean,samsung_electronics,12|16,12,1.0,1.0,1.0,1.0,1.0
0052708928e5de126dd5,korean,skhynix,83,96,0.0,0.0,0.0,0.0,0.03571428571428571
5a59c29ca8c6e0425f19,korean,skhynix,82,43,0.0,0.0,1.0,0.0,0.1
6e67d7d5fad62e1a5d03,korean,skhynix,20,96,0.0,0.0,1.0,0.0,0.14285714285714285
aeac73b8da9d07e277e6,korean,skhynix,20|22|61|80,95,0.0,0.0,0.0,0.0,0.07692307692307693
bba794453acb8770add2,korean,skhynix,20|31|32,3,0.0,0.0,1.0,0.0,0.14285714285714285
0e95500b6b29fe0c7006,thai,bafs,121,209,0.0,1.0,1.0,0.0,0.5
50099ef106cbd38cc34c,thai,bafs,62,216,0.0,0.0,0.0,0.0,0.05555555555555555
56d04ea1c2584a4d421f,thai,bafs,62,216,0.0,0.0,0.0,0.0,0.05555555555555555
abc0365f30a02f534459,thai,bafs,121,218,0.0,0.0,0.0,0.0,0.0
d58c930ef97197505f9b,thai,bafs,210,217,0.0,0.0,0.0,0.0,0.041666666666666664
e1de00e677a541f9dc37,thai,bafs,60,217,0.0,0.0,0.0,0.0,0.0
bbe2d117bca6044e87ec,thai,cimbt,32,91,0.0,1.0,1.0,0.0,0.2
eaa8bef132cf61632f5c,thai,cimbt,60,90,0.0,0.0,0.0,0.0,0.07692307692307693
08bfe585e0ad8e831427,thai,cpall,191,316,0.0,0.0,0.0,0.0,0.0
16dcaa1f6ac7ec9d67fc,thai,cpall,163,302,0.0,0.0,0.0,0.0,0.0
447b611d4447ea639bbb,thai,cpall,58,307,0.0,0.0,0.0,0.0,0.0
4d5e3b334931042c8387,thai,cpall,58,307,0.0,0.0,0.0,0.0,0.0
71cc3eb19bca82af9ffb,thai,cpall,191,316,0.0,0.0,0.0,0.0,0.0
8bb35a8dabedea3f6396,thai,cpall,8,302,0.0,0.0,0.0,0.0,0.0
9b894c04a11fa9def10e,thai,cpall,294,316,0.0,0.0,0.0,0.0,0.0
9d51ca903f0bb51a69d5,thai,cpall,44,311,0.0,0.0,0.0,0.0,0.0
d6c7401a5f59bb3d4f0b,thai,cpall,72,308,0.0,0.0,0.0,0.0,0.0625
f627eb1e060bd36320a9,thai,cpall,163,302,0.0,0.0,0.0,0.0,0.0
0b6d954da1ff6e70d2e4,thai,crc,24,62,0.0,0.0,0.0,0.0,0.047619047619047616
757326706a77645c6671,thai,crc,47,63,0.0,0.0,0.0,0.0,0.0
7a28b49b775a2f61981f,thai,crc,47,63,0.0,0.0,0.0,0.0,0.0
92a2efabaec1a2b2b7c5,thai,crc,24,62,0.0,0.0,0.0,0.0,0.047619047619047616
cdee3ea0b6ee1a45a6a9,thai,crc,30,63,0.0,0.0,0.0,0.0,0.0
d723fc9be203f6144af6,thai,crc,46,63,0.0,0.0,0.0,0.0,0.0
f23ad3b183467ac447ec,thai,crc,46,63,0.0,0.0,0.0,0.0,0.0
f2f80a96a571da970c7e,thai,crc,24,62,0.0,0.0,0.0,0.0,0.047619047619047616
0fe30c8f23599fe1000e,thai,cv,23,30,0.0,1.0,1.0,0.0,0.2
84d66147108b6444cfc2,thai,cv,29,3,0.0,0.0,1.0,0.0,0.125
21c1539b82547c425168,thai,icc,52,105,0.0,0.0,0.0,0.0,0.0
4bd81bb2bd115814e11b,thai,icc,52,105,0.0,0.0,0.0,0.0,0.0
5ea5bfc9cc1fc45d2d01,thai,icc,21,106,0.0,0.0,0.0,0.0,0.0
6ccca42a8c23d3cc92fd,thai,icc,72,106,0.0,0.0,0.0,0.0,0.038461538461538464
c0fbaabcda15b455fd1a,thai,icc,52,105,0.0,0.0,0.0,0.0,0.0
04ee2116537986246ec2,thai,kbank,103,243,0.0,0.0,0.0,0.0,0.0
1a7b2fe8561bb46982ba,thai,kbank,154,15,0.0,0.0,0.0,0.0,0.0
30b38f491a1fde53c215,thai,kbank,92,217,0.0,0.0,0.0,0.0,0.0
45f926f0e1e0fdb32eaf,thai,kbank,194,236,0.0,0.0,0.0,0.0,0.043478260869565216
a635c18447f4566e49b6,thai,kbank,103,243,0.0,0.0,0.0,0.0,0.0
db6e7c7b4fa5c93f2c7b,thai,kbank,150,238,0.0,0.0,0.0,0.0,0.0
e1109414feb475c5ff4a,thai,kbank,92,217,0.0,0.0,0.0,0.0,0.0
e398081136d7631d2898,thai,kbank,66,217,0.0,0.0,0.0,0.0,0.0
348298f6e72e6bb68e81,thai,pttep,260,173,0.0,0.0,0.0,0.0,0.0
5574ce3bbda52856f163,thai,scb,77,130,0.0,0.0,0.0,0.0,0.0
6a9ed7ace94b670224d1,thai,scb,95,131,0.0,0.0,1.0,0.0,0.125
783bcdbda1dda34b5417,thai,scb,95,30,0.0,0.0,0.0,0.0,0.0
c9ff11e155670b3882d6,thai,scb,95,130,0.0,0.0,1.0,0.0,0.1111111111111111
faaf5f3cefe6a7f8a84f,thai,scb,95,130,0.0,0.0,0.0,0.0,0.09090909090909091
029b9360cefd31f89dd0,thai,scm,108,89,0.0,0.0,0.0,0.0,0.0
02a465fceda092f7c1b0,thai,scm,107,89,0.0,0.0,0.0,0.0,0.0
103d68bc470d7d5171a0,thai,scm,107,89,0.0,0.0,0.0,0.0,0.0
161fb2d9b525319f3d5c,thai,scm,86,89,0.0,0.0,0.0,0.0,0.0
2ba66d7bdfe0ba40d04f,thai,scm,76,106,0.0,1.0,1.0,0.0,0.3333333333333333
2fccc5eb39602f3d66c9,thai,scm,86,89,0.0,0.0,0.0,0.0,0.0
d3b9323f60fa32007f64,thai,scm,77,89,0.0,0.0,0.0,0.0,0.05
ec3416affffa2312d9ec,thai,scm,108,89,0.0,0.0,0.0,0.0,0.0
0f7500d416a4e93b3a64,thai,tisco,58,243,0.0,0.0,0.0,0.0,0.0
1cbc80386897f11a0256,thai,tisco,72,217,0.0,0.0,0.0,0.0,0.0
57e7849472b966b5b96a,thai,tisco,58,243,0.0,0.0,0.0,0.0,0.0
73c48a10dfee929d6d61,thai,tisco,54,238,0.0,0.0,0.0,0.0,0.0
7efad3113f43687af00e,thai,tisco,127,217,0.0,0.0,0.0,0.0,0.0
88d552b76e3d2fb5b2c4,thai,tisco,58,217,0.0,0.0,0.0,0.0,0.0
98f2ac9b055da29a098d,thai,tisco,72,217,0.0,0.0,0.0,0.0,0.0
a24c22b1803ccd498077,thai,tisco,45,238,0.0,0.0,0.0,0.0,0.0
f0d2f6ce2e0b43001529,thai,tisco,72,243,0.0,0.0,0.0,0.0,0.0
